id,pres_id,bin,aut_class,start_length,r1,r2,greedy1M_saved_nodes,greedy1M_saved_path,greedy1M_rerun_nodes,greedy1M_rerun_wall_s,greedy10k_solved,greedy10k_nodes,greedy10k_path,greedy10k_rerun_wall_s,s20mk2_10k_solved,s20mk2_10k_nodes,s20mk2_10k_path,s20mk2_10k_rerun_wall_s,oldcascade_saved_units,oldcascade_saved_path,oldcascade_units,oldcascade_pops,oldcascade_steps,oldcascade_substitution,oldcascade_automorphism,oldcascade_nielsen,oldcascade_perm,oldcascade_ac_moves,oldcascade_winner,oldcascade_peak_relator,oldcascade_wall_s,H_solved,H_stage,H_units,H_pops,H_dyn_pops,H_steps,H_substitution,H_nielsen,H_perm,H_dyn,H_ac_moves,H_stable,H_max_rank_search,H_cert_max_rank,H_peak_relator,H_wall_s,H_verified,H_decoder_multiply,H-nodefine_solved,H-nodefine_units,H-nodefine_steps,H-nodefine_ac_moves,H-nodefine_wall_s,H-noeliminate_solved,H-noeliminate_units,H-noeliminate_steps,H-noeliminate_ac_moves,H-noeliminate_wall_s,H-nonielsen_solved,H-nonielsen_units,H-nonielsen_steps,H-nonielsen_ac_moves,H-nonielsen_wall_s,H-noperm_solved,H-noperm_units,H-noperm_steps,H-noperm_ac_moves,H-noperm_wall_s,H-nogates_solved,H-nogates_units,H-nogates_steps,H-nogates_ac_moves,H-nogates_wall_s,F_solved,F_units,F_steps,F_ac_moves,F_wall_s,F-noperm_solved,F-noperm_units,F-noperm_steps,F-noperm_ac_moves,F-noperm_wall_s,F-nonielsen_solved,F-nonielsen_units,F-nonielsen_steps,F-nonielsen_ac_moves,F-nonielsen_wall_s,F-s20_solved,F-s20_units,F-s20_steps,F-s20_ac_moves,F-s20_wall_s,F-nogates_solved,F-nogates_units,F-nogates_steps,F-nogates_ac_moves,F-nogates_wall_s,F-nodescent_solved,F-nodescent_units,F-nodescent_steps,F-nodescent_ac_moves,F-nodescent_wall_s,F-nonielsen-noperm_solved,F-nonielsen-noperm_units,F-nonielsen-noperm_steps,F-nonielsen-noperm_ac_moves,F-nonielsen-noperm_wall_s,BF-memoryless_solved,BF-memoryless_units,BF-memoryless_steps,BF-memoryless_ac_moves,BF-memoryless_wall_s,BF-memoryless-nielsen_solved,BF-memoryless-nielsen_units,BF-memoryless-nielsen_steps,BF-memoryless-nielsen_ac_moves,BF-memoryless-nielsen_wall_s
ms0,0,0,0,7,YYXyx,Yx,3,2,,,True,3,2,,True,3,2,,4,3,4,0,3,2,1,1,0,3,rewrite,5,0.00030270499996731814,True,B,11,0,,3,2,1,0,0,3,False,2,2,5,0.0001927969999542256,True,3,True,11,3,3,0.0001500949999808654,True,11,3,3,0.00017742700015332957,True,11,3,3,0.00020501199992395414,True,11,3,3,0.00019060199997511518,True,11,3,3,0.00024993099987113965,True,11,3,3,0.0001827910000429256,True,11,3,3,0.00019020500008082308,True,11,3,3,0.00018907399999079644,True,11,3,3,0.0003135169999950449,True,11,3,3,0.0002454600000874052,True,3,3,3,8.417300000473915e-05,True,11,3,3,0.00020053799994457222,,,,,,,,,,
ms496,496,0,68,18,YYYYYYYXyyyyyyx,YYX,4,3,,,True,4,3,,True,4,3,,7,3,7,4,3,2,1,1,0,3,s40_gen,15,0.0007943220000470319,True,B,16,0,,4,2,2,0,0,4,False,2,2,15,0.0004477979998682713,True,4,True,16,4,4,0.00036924799996995716,True,16,4,4,0.00032710400000723894,True,16,4,4,0.000411308000138888,True,16,4,4,0.0003930699999727949,True,16,4,4,0.0004617330000655784,True,16,4,4,0.0004084370000327908,True,16,4,4,0.0004331679999722837,True,16,4,4,0.0004203820001293934,True,16,4,4,0.00043234399981884053,True,16,4,4,0.00043999600006827677,True,4,4,4,8.23060001948761e-05,True,16,4,4,0.0004484979999688221,,,,,,,,,,
ms521,521,0,83,21,YYYYYYYYXyyyyyyyx,YYYx,5,4,,,True,5,4,,True,5,4,,9,4,9,5,4,4,0,0,0,4,s40_gen,17,0.0008219690000714763,True,B,21,0,,5,2,3,0,0,5,False,2,2,17,0.0005836400000589492,True,5,True,21,5,5,0.0005234189998191141,True,21,5,5,0.0005547979999391828,True,21,5,5,0.0006005059999552032,True,21,5,5,0.0006144429999039858,True,21,5,5,0.0006682230000478739,True,21,5,5,0.0005556680000609049,True,21,5,5,0.0005174359998818545,True,21,5,5,0.0006017069999870728,True,21,5,5,0.0006537200001730525,True,21,5,5,0.0005648470000778616,True,5,5,5,9.691699983704893e-05,True,21,5,5,0.000674633000016911,,,,,,,,,,
ms323,323,0,2,15,YYYYYx,YYYYXyyyx,7,6,,,True,7,6,,True,7,6,,13,6,13,7,6,6,0,0,0,6,s40_gen,9,0.0010215669999524835,True,B,31,0,,7,2,5,0,0,7,False,2,2,9,0.000638840999954482,True,7,True,31,7,7,0.0006003729999974894,True,31,7,7,0.0005279360000258748,True,31,7,7,0.0006498239999928046,True,31,7,7,0.0006337239999538724,True,31,7,7,0.0006919039999502274,True,31,7,7,0.0005874510000012378,True,31,7,7,0.0007097200000316661,True,31,7,7,0.0006448149999869202,True,31,7,7,0.000620510999851831,True,31,7,7,0.0006242780000320636,True,7,7,7,0.00016345800008821243,True,31,7,7,0.0006439270000555553,,,,,,,,,,
ms228,228,0,52,14,YYYXyyx,YYXXYYx,9,7,,,True,9,7,,True,8,7,,10,7,10,8,7,7,0,0,0,7,s40_gen,7,0.0013224750000517815,True,C,20,0,,8,8,0,0,0,8,False,2,2,7,0.0003591920001326798,True,8,True,20,8,8,0.0003542819999893254,True,20,8,8,0.0002844799998911185,True,20,8,8,0.00039775200002623023,True,20,8,8,0.00038182499997674313,True,20,8,8,0.00040483499992660654,True,20,8,8,0.00035792199992101814,True,20,8,8,0.0003464700000677112,True,20,8,8,0.00036124000007475843,True,20,8,8,0.00041588199997022457,True,20,8,8,0.0003834449998976197,True,16,8,8,0.00028110700009165157,True,20,8,8,0.0003650640001069405,,,,,,,,,,
ms455,455,0,89,19,YYYYYXyyyyx,YYYYxYXX,10,9,,,True,10,9,,True,9,8,,11,8,11,9,8,8,0,0,0,8,s40_gen,11,0.001775446000010561,True,C,21,0,,9,9,0,0,0,9,False,2,2,11,0.00042833199995584437,True,9,True,21,9,9,0.00038412300000345567,True,21,9,9,0.0003749669999706384,True,21,9,9,0.0004569129998799326,True,21,9,9,0.0004307579999931477,True,21,9,9,0.0004497959998843726,True,21,9,9,0.00043452700015222945,True,21,9,9,0.00043652600015775533,True,21,9,9,0.0004241500000716769,True,21,9,9,0.00044132700008958636,True,21,9,9,0.00044180699978824123,True,17,9,9,0.00031123099984142755,True,21,9,9,0.00043762999985119677,,,,,,,,,,
ms77,77,1,25,13,YYXyx,YXyXXyxx,11,8,,,True,11,8,,True,9,8,,11,10,11,0,10,9,1,0,1,9,rewrite,8,0.0004623519998858683,True,C,31,0,,9,9,0,0,0,9,False,2,2,8,0.0005331160000423552,True,9,True,31,9,9,0.00048475800008418446,True,31,9,9,0.0004048600001169689,True,31,9,9,0.0005067199999757577,True,31,9,9,0.0005030239999541664,True,31,9,9,0.0005598249999820837,True,31,9,9,0.0005217210000409978,True,31,9,9,0.0005664029999934428,True,31,9,9,0.0005327349999788566,True,31,9,9,0.0005406549998951959,True,31,9,9,0.0005323039999893808,True,27,9,9,0.00047441100014111726,True,31,9,9,0.0005526069999177707,,,,,,,,,,
ms43,43,1,7,12,YYXyx,YYxYxYX,13,9,,,True,13,9,,True,10,9,,12,11,12,0,11,9,2,1,1,10,rewrite,7,0.0004479409999476047,True,C,26,0,,10,9,1,0,0,10,False,2,2,7,0.0004486130001168931,True,10,True,26,10,10,0.00040675500008546805,True,26,10,10,0.00034629099991434487,True,26,10,10,0.00046320000001287553,True,26,10,10,0.0004413760000261391,True,26,10,10,0.00045091600009072863,True,26,10,10,0.00042834300006688864,True,26,10,10,0.0004477060001590871,True,26,10,10,0.00048592600001029496,True,26,10,10,0.0004580710001391708,True,26,10,10,0.0004092120000223076,True,23,10,10,0.0003595420000692684,True,26,10,10,0.0004539220001333888,,,,,,,,,,
ms141,141,1,46,13,YYXyx,YXyXyxxx,12,10,,,True,12,10,,True,23,10,,13,12,13,0,12,11,1,0,1,11,rewrite,9,0.0005209949999880337,True,C,28,0,,11,11,0,0,0,11,False,2,2,9,0.0005010040001707239,True,11,True,28,11,11,0.0004909790000056091,True,28,11,11,0.0012745679998715786,True,28,11,11,0.0005357600000479579,True,28,11,11,0.0005605459998605511,True,28,11,11,0.0005600910001248849,True,28,11,11,0.0004978549998213566,True,28,11,11,0.0005794359999526932,True,28,11,11,0.0005554570000185777,True,28,11,11,0.0005547700000079203,True,28,11,11,0.0006854389998807164,True,24,11,11,0.00046181599986994115,True,28,11,11,0.0005636630000935838,,,,,,,,,,
ms48,48,1,13,12,YYYxxYX,YYXyx,18,11,,,True,18,11,,True,13,11,,14,13,14,0,13,12,1,0,1,12,rewrite,9,0.0004950929999267828,True,C,24,0,,12,12,0,0,0,12,False,2,2,9,0.0004444749999947817,True,12,True,24,12,12,0.0003831689998605725,True,24,12,12,0.000581567000153882,True,24,12,12,0.00042393199987600383,True,24,12,12,0.0005258870000943716,True,24,12,12,0.0004404339999837248,True,24,12,12,0.00041539899984854856,True,24,12,12,0.00041837499998109706,True,24,12,12,0.0004737250001198845,True,24,12,12,0.00046054499989622855,True,24,12,12,0.0007258600001023296,True,20,12,12,0.00044273399998928653,True,24,12,12,0.0005088990001240745,,,,,,,,,,
ms155,155,1,31,13,YYYYxyXX,YYXyx,18,12,,,True,18,12,,True,16,12,,15,14,15,0,14,13,1,0,1,13,rewrite,11,0.0007491040000786597,True,C,25,0,,13,13,0,0,0,13,False,2,2,11,0.0005166949999875214,True,13,True,25,13,13,0.0004788389999248466,True,25,13,13,0.00040669100008017267,True,25,13,13,0.0005189210000935418,True,25,13,13,0.0005021790000228066,True,25,13,13,0.0005134629998337914,True,25,13,13,0.0005165799998394505,True,25,13,13,0.0004905590001271776,True,25,13,13,0.0005630289999771776,True,25,13,13,0.0004992070000753301,True,25,13,13,0.0007164369999372866,True,21,13,13,0.0004163169999173988,True,25,13,13,0.0005428590000065014,,,,,,,,,,
ms505,505,1,105,22,YYYYYYYXyyyyyyx,YYXyyxx,34,23,,,True,34,23,,True,138,41,,34,18,34,32,18,16,2,2,0,18,s40_gen,15,0.011458486000037738,True,C,30,0,,18,18,0,0,0,18,False,2,2,15,0.000811129999874538,True,18,True,30,18,18,0.000759874000095806,True,30,18,18,0.0006919689999449474,True,30,18,18,0.0007862029999614606,True,30,18,18,0.0008165579999968031,True,30,18,18,0.0008450059999631776,True,30,18,18,0.000750753999909648,True,30,18,18,0.0008155850000548526,True,30,18,18,0.0008404170000630984,True,30,18,18,0.0008583500000440836,True,30,18,18,0.0010095719999299035,True,26,18,18,0.001098102000014478,True,30,18,18,0.0008571089999804826,,,,,,,,,,
ms247,247,2,23,15,YYYXyyx,YYXyyXyx,46,9,,,True,46,9,,True,16,10,,15,8,15,11,8,7,1,1,0,8,s40_gen,8,0.0020501740000327118,True,H,31,1,0,12,9,2,1,0,11,False,2,2,8,0.001160072999937256,True,11,True,31,12,11,0.0009981880000395904,True,31,12,11,0.000907673000028808,True,31,12,11,0.0010986790000515612,True,31,11,11,0.001113440999915838,True,29,12,9,0.001343666999900961,True,31,12,10,0.001050536000093416,True,31,10,10,0.0008413499999733176,True,31,12,10,0.0011252700001023186,True,33,14,11,0.0031334829998286295,True,29,12,9,0.0019580059999952937,True,33,20,13,0.0036402060000000347,True,31,10,10,0.0008046989999002108,,,,,,,,,,
ms217,217,2,51,14,YYYXyyx,YYYxxyX,57,13,,,True,57,13,,True,36,11,,18,12,18,16,12,9,3,3,0,12,s40_gen,8,0.0029906679999385233,True,H,28,6,0,17,12,2,3,0,14,False,2,2,9,0.0030073979999087896,True,14,True,28,17,14,0.0027535930000794906,True,28,17,14,0.0026537740000094345,True,62,21,15,0.015596431999938432,True,27,13,13,0.015722750999884738,True,28,18,12,0.002294128000130513,True,30,19,14,0.0033217359998616303,True,30,13,13,0.0015977900000052614,True,62,20,14,0.01663622099999884,True,28,18,13,0.003773423999973602,True,28,18,12,0.004804500000091139,True,26,19,14,0.0035404950001520774,True,76,14,14,0.005664288999923883,,,,,,,,,,
ms201,201,2,19,14,YYYXyyx,YYXYxYx,61,15,,,True,61,15,,True,39,13,,21,12,21,18,12,9,3,3,0,12,s40_gen,8,0.003852146999861361,True,H,32,5,0,16,11,3,2,0,14,False,2,2,9,0.0026203759998679743,True,14,True,32,16,14,0.002131542000142872,True,32,16,14,0.0020824319999519503,True,63,20,15,0.013787849999971513,True,31,13,13,0.0022343559999171703,True,32,17,12,0.0021728020001319237,True,34,18,14,0.0029872210000121413,True,34,13,13,0.0014937040000404522,True,63,19,14,0.015009580999958416,True,31,17,13,0.00285446799989586,True,32,17,12,0.004419705000145768,True,31,19,14,0.0037147619998449954,True,71,14,14,0.004679898999938814,,,,,,,,,,
ms288,288,2,55,15,YYYYXXYx,YYYXyyx,106,17,,,True,106,17,,True,40,18,,43,13,43,41,13,10,3,3,0,13,s40_gen,9,0.009945452000010846,True,H,29,10,0,23,12,4,7,0,16,False,2,2,8,0.004390290999936042,True,16,True,29,23,16,0.00390918299990517,True,29,23,16,0.003864721999889298,True,88,28,19,0.026419003000000885,True,28,15,15,0.004083246999925905,True,27,22,14,0.0021709749998990446,True,29,23,15,0.003933559999950376,True,29,15,15,0.001590452999835179,True,88,27,18,0.055192129000033674,True,36,19,13,0.00907788199992865,True,27,22,14,0.00456515800010493,True,25,23,15,0.00458508199994867,True,114,18,18,0.03785685899993041,,,,,,,,,,
ms367,367,2,72,17,YYYYXyyyx,YYXYYxYx,83,21,,,True,83,21,,True,47,17,,38,15,38,35,15,11,4,4,0,15,s40_gen,11,0.011260882999977184,True,H,33,9,0,19,11,4,4,0,15,False,3,2,10,0.005314056000088385,True,15,True,33,19,15,0.0036963130000913225,True,33,19,15,0.0045572219999030494,True,68,30,21,0.06201796100003776,True,32,14,14,0.005055198000036398,True,31,19,13,0.0035007989999940037,True,33,19,14,0.0044500999999854685,True,33,14,14,0.0016936350000378297,True,66,29,20,0.018355833999976312,True,41,24,18,0.00887835699995776,True,31,19,13,0.0050572320001265325,True,30,20,14,0.0054306419999647915,True,89,19,19,0.006854628999917622,,,,,,,,,,
ms331,331,2,65,16,YYYYXyyyx,YYXYxYx,93,24,,,True,93,24,,True,43,16,,26,11,26,23,11,8,3,3,0,11,s40_gen,10,0.005860213000005388,True,H,29,5,0,15,10,3,2,0,13,False,2,2,9,0.0024316869998983748,True,13,True,29,15,13,0.0022091369999088784,True,29,15,13,0.002162947999977405,True,48,15,12,0.00899837000019943,True,28,12,12,0.00224760699984472,True,27,14,11,0.0016153169999597594,True,29,15,12,0.002459892999922886,True,29,12,12,0.001140843000030145,True,49,16,12,0.010105464000162101,True,30,18,12,0.0046120100000734965,True,27,14,11,0.002988051000102132,True,26,16,12,0.003121086999954059,True,50,13,13,0.002789654000025621,,,,,,,,,,
ms203,203,3,10,14,YYYXyyx,YYxYXYx,116,16,,,True,116,16,,True,39,17,,45,12,45,41,12,9,3,3,0,12,s40_gen,9,0.0095140429998537,True,H,35,6,0,20,11,4,5,0,15,False,2,2,8,0.0026724100000592443,True,15,True,35,20,15,0.0019185859998742671,True,35,20,15,0.002001963999873624,True,54,19,14,0.007959302999779538,True,34,14,14,0.002100289000054545,True,33,19,13,0.00166483199996037,True,35,20,14,0.002479321999999229,True,35,14,14,0.0012593400001605914,True,54,18,13,0.009069511000006969,True,35,16,12,0.004125746999989133,True,33,19,13,0.0031492370001160452,True,33,21,14,0.004040784999915559,True,72,13,13,0.004055529999959617,,,,,,,,,,
ms265,265,3,49,15,YYYXyyx,YYYxYxYX,121,21,,,True,121,21,,True,52,22,,46,15,46,43,15,11,4,4,0,15,s40_gen,9,0.010964236000063465,True,H,35,11,0,26,13,5,8,0,18,False,2,2,8,0.005242612000074587,True,18,True,35,26,18,0.0045067409998864605,True,35,26,18,0.004536877999953504,True,93,31,21,0.027071059000036257,True,37,17,17,0.006683832000135226,True,33,25,16,0.0025262730000576994,True,35,26,17,0.005011305000152788,True,38,17,17,0.002123487000062596,True,93,30,20,0.028859517999990203,True,42,21,15,0.010011327000029269,True,33,25,16,0.006071648999977697,True,32,27,17,0.005583922999903734,True,120,20,20,0.009804601999803708,,,,,,,,,,
ms579,579,3,100,21,YYYYYYXyyyyyx,YYYXYYxx,366,26,,,True,366,26,,True,78,25,,22,16,22,20,16,12,4,4,0,16,s40_gen,13,0.00587812800017673,True,H,27,7,0,16,11,4,1,0,15,False,3,2,13,0.008592421999992439,True,15,True,27,16,15,0.003850198999998611,True,27,16,15,0.007350871999960873,True,241,41,29,0.5168756860000485,True,27,15,15,0.007153337000090687,True,27,19,15,0.006368924000071274,True,29,18,16,0.004757398000037938,True,29,16,16,0.001792554000076052,True,169,40,28,0.10422994400005337,True,38,21,17,0.01172678500006441,True,27,19,15,0.0062715430001389905,True,25,18,16,0.005470878000096491,True,188,27,27,0.02666805600006228,,,,,,,,,,
ms327,327,3,66,15,YYYYXyyyx,YYxYXX,273,29,,,True,273,29,,True,108,28,,31,18,31,29,18,13,5,5,0,18,s40_gen,9,0.007012105000058,True,H,34,8,0,23,15,4,4,0,19,False,2,2,13,0.003622062999966147,True,19,True,34,23,19,0.0031989770000109274,True,34,23,19,0.0031813209998290404,True,322,42,31,0.13682132500002808,True,35,20,20,0.00336823399993591,True,36,26,19,0.003620385999965947,True,36,25,20,0.004567824000105247,True,38,22,22,0.001952636999931201,True,321,41,30,0.15919746400004442,True,52,27,22,0.014522234000196477,True,36,26,19,0.008813902999918355,True,32,25,20,0.005316377999861288,True,322,30,30,0.04160201199988478,,,,,,,,,,
ms333,333,3,54,16,YYYYXyyyx,YYxyXYx,313,35,,,True,313,35,,True,179,29,,19,18,19,0,18,16,2,2,0,18,rewrite,11,0.0006932149999556714,True,C,38,0,,18,16,2,0,0,18,False,2,2,9,0.0008962509998582391,True,18,True,38,18,18,0.0007893669999248232,True,38,18,18,0.0008158750001712178,True,38,18,18,0.0009110689998124144,True,38,18,18,0.0008620749999863619,True,38,18,18,0.0009378789998208958,True,38,18,18,0.0008392460001687141,True,38,18,18,0.0008270969999557565,True,38,18,18,0.0009742439999627095,True,38,18,18,0.0009164349999082333,True,38,18,18,0.0008645379998597491,True,38,21,18,0.002937681999810593,True,38,18,18,0.000986872000112271,,,,,,,,,,
ms380,380,3,77,17,YYYYXyyyx,YYYYxxyX,381,39,,,True,381,39,,True,190,34,,36,21,36,34,21,15,6,6,0,21,s40_gen,11,0.009491394999940894,True,H,40,10,0,27,20,3,4,0,23,False,2,2,13,0.004804231999969488,True,23,True,40,27,23,0.004093289999900662,True,40,27,23,0.004122504999941157,True,307,46,35,0.11028817600004004,True,39,22,22,0.00445938699999715,True,39,29,21,0.0046561890001157735,True,40,27,22,0.005521062000070742,True,45,22,22,0.002694207000104143,True,307,45,34,0.170818767000128,True,46,25,21,0.012215649999916423,True,39,29,21,0.009829197000044587,True,36,27,22,0.0061477439999180206,True,434,42,42,0.07999893100009103,,,,,,,,,,
ms546,546,4,85,19,YYYYYXyyyyx,YYXYYxYx,398,24,,,True,398,24,,True,94,23,,129,17,129,126,17,13,4,4,0,17,s40_gen,13,0.06578417500008982,True,H,33,8,0,22,12,5,5,0,17,False,3,2,12,0.00646401800008789,True,17,True,33,22,17,0.0035581529998580663,True,33,22,17,0.005983489999835001,True,284,36,24,0.6797604189998765,True,33,17,17,0.007817308999847228,True,33,25,17,0.005378655999948023,True,35,24,18,0.005000461000008727,True,35,18,18,0.001855037999803244,True,200,35,23,0.11376440200001525,True,44,23,17,0.012135488000012629,True,33,25,17,0.0063244879997910175,True,32,25,18,0.006313524999995934,True,331,23,23,0.04811608599993633,,,,,,,,,,
ms548,548,4,82,19,YYYYYXyyyyx,YYxYYxyX,661,28,,,True,661,28,,True,286,26,,83,27,83,79,27,20,7,7,0,27,s40_gen,11,0.026715530000046783,True,H,39,9,0,19,11,4,4,0,15,False,2,2,11,0.004153412000050594,True,15,True,39,19,15,0.003875367000091501,True,39,19,15,0.0039045480000368116,True,83,25,19,0.016298403000064354,True,40,16,16,0.004083749000074022,True,41,20,15,0.0031492299999626994,True,43,21,17,0.004584178999948563,True,43,17,17,0.002049468999985038,True,83,24,18,0.020470011000043087,True,40,19,16,0.005837512999960381,True,41,20,15,0.0068064929998854495,True,41,21,17,0.006477504000031331,True,85,18,18,0.005366193000099884,,,,,,,,,,
ms533,533,4,69,17,YYYYXyyyx,YYYXYxYx,438,43,,,True,438,43,,True,190,36,,37,21,37,34,21,15,6,6,0,21,s40_gen,11,0.010009716000013213,True,H,44,9,0,26,19,4,3,0,23,False,2,2,13,0.003954298999815364,True,23,True,44,26,23,0.0039002339999569813,True,44,26,23,0.003492103000098723,True,312,45,35,0.14273266800000783,True,43,22,22,0.0037002260000917886,True,43,28,21,0.004099486000086472,True,44,26,22,0.005225060999919151,True,49,22,22,0.002583299999969313,True,312,44,34,0.17378355899995768,True,51,25,21,0.011204570000018066,True,43,28,21,0.009402565000073082,True,41,27,22,0.006393086000116455,True,437,42,42,0.07050408999998581,,,,,,,,,,
ms589,589,4,94,21,YYYYYYXyyyyyx,YYYXYXYx,558,46,,,True,558,46,,True,379,28,,47,21,47,44,21,15,6,6,0,21,s40_gen,13,0.014242848999856506,True,H,36,8,0,19,14,4,1,0,18,False,3,2,13,0.005660258999796497,True,18,True,36,19,18,0.004129460000058316,True,36,19,18,0.0048732510001627816,True,221,39,,0.08037306100004571,True,35,17,17,0.005506754999942132,True,34,20,16,0.0041360419998,True,36,19,17,0.00449618300012844,True,36,17,17,0.0017433309999432822,True,233,34,25,0.12061533599990071,True,37,19,17,0.007174027000019123,True,34,20,16,0.006592142000044987,True,33,20,17,0.005623544000172842,True,246,25,25,0.02646624699991662,,,,,,,,,,
ms580,580,4,101,21,YYYYYYXyyyyyx,YYYxxYYX,875,47,,,True,875,47,,True,177,38,,30,24,30,28,24,18,6,6,0,24,s40_gen,13,0.009214038999971308,True,H,46,18,0,31,20,6,5,0,26,False,3,2,15,0.019489169999815203,True,26,True,46,31,26,0.007491615999924761,True,46,31,26,0.017792822000046726,False,1000,,,2.6622080459999324,True,46,28,28,0.02059699799997361,True,46,33,24,0.019583040000043184,True,47,32,25,0.01510427600010189,True,47,28,28,0.004536616999985199,False,1000,,,1.142211879000115,True,41,31,25,0.015652928000008615,True,46,33,24,0.018895361999966553,True,43,32,25,0.0170366140000624,False,1000,,,0.31528438400005143,,,,,,,,,,
ms609,609,4,104,23,YYYYYYYXyyyyyyx,YYYxYxyX,1217,56,,,True,1217,56,,True,243,42,,79,27,79,76,27,20,7,7,0,27,s40_gen,15,0.05820029599999543,True,H,43,10,0,26,19,4,3,0,23,False,3,2,15,0.0066931220001151814,True,23,True,43,26,23,0.00472487800016097,True,43,26,23,0.006019880999929228,True,569,57,43,0.22463044999994963,True,44,24,24,0.0065005830001609866,True,50,33,25,0.007255124000039359,True,47,28,24,0.006736901000067519,True,52,26,26,0.0028830839999045565,True,491,56,42,0.3008888189999652,True,57,33,27,0.015219526999999289,True,50,33,25,0.012622253000017736,True,44,29,24,0.008602495000104682,True,505,42,42,0.05365141500010395,,,,,,,,,,
ms538,538,5,81,18,YYYYYXyyyyx,YYxYxYX,2261,25,,,True,2261,25,,True,338,22,,114,25,114,111,25,19,6,6,0,25,s40_gen,12,0.03821918799985724,True,H,41,16,0,22,13,5,4,0,18,False,3,2,11,0.006762984000033612,True,18,True,41,22,18,0.005176338999945074,True,41,22,18,0.005971399000145539,True,418,40,,0.19602644899987354,True,42,19,19,0.0064186089998656826,True,43,23,18,0.004991306999954759,True,45,24,20,0.007605327000192119,True,45,20,20,0.002692581000019345,True,663,38,27,0.38767916500000865,True,35,24,17,0.0067522420001751016,True,43,23,18,0.009049578999793084,True,42,25,20,0.008951205999892409,True,677,27,27,0.09444260600002963,,,,,,,,,,
ms606,606,5,107,23,YYYYYYYXyyyyyyx,YYYxxYYX,2023,39,,,True,2023,39,,True,438,48,,30,20,30,28,20,14,6,6,0,20,s40_gen,15,0.009890222999956677,True,H,35,13,1,26,17,5,4,0,22,False,4,2,15,0.01968246799992812,True,22,True,34,26,22,0.0063058250000267435,True,35,26,22,0.01704214000005777,False,1000,,,2.943664880999904,True,35,22,22,0.01933165600007669,True,35,28,20,0.015845776000105616,True,35,27,21,0.007609089999959906,True,35,21,21,0.00241328600009183,False,1000,,,1.2077514539998901,True,41,28,21,0.017199297000161096,True,34,28,20,0.00969667300000765,True,31,27,21,0.008743519000063316,False,1000,,,0.26091546100019514,,,,,,,,,,
ms544,544,5,74,19,YYYYYXyyyyx,YYYxyXYx,1569,75,,,True,1569,75,,True,551,73,,36,35,36,0,35,32,3,3,0,35,rewrite,19,0.0017402969999693596,True,C,59,0,,35,32,3,0,0,35,False,2,2,17,0.0015927849999570753,True,35,True,59,35,35,0.0015563120000479103,True,59,35,35,0.0015022540001154994,True,59,35,35,0.0017353549999370443,True,59,35,35,0.0015960119999363087,True,59,35,35,0.0016639190000660165,True,59,35,35,0.0015139999998154963,True,59,35,35,0.001631630000019868,True,59,35,35,0.0016196500000660308,True,59,35,35,0.0016599929999756569,True,59,35,35,0.0026596929999413987,True,71,40,37,0.010094485000081477,True,59,35,35,0.0014713299999584706,,,,,,,,,,
ms549,549,5,84,19,YYYYYXyyyyx,YYYxYxYX,1411,79,,,True,1411,79,,True,391,68,,119,40,119,116,40,29,11,11,0,40,s40_gen,13,0.03999361399996815,True,H,61,14,0,40,31,6,3,0,37,False,3,2,17,0.0075577009999960865,True,37,True,61,40,37,0.00591598599999088,True,61,40,37,0.006413857000097778,True,937,83,,1.505187382000031,True,62,38,38,0.006811739000113448,True,100,51,39,0.01692430200000672,True,63,42,38,0.009803865000094447,True,65,40,40,0.003699003999827255,False,1000,,,0.782406501999958,True,71,44,40,0.016553488999988986,True,100,51,39,0.041782330999922124,True,60,43,38,0.010809960999949908,False,1000,,,0.1781656309999562,,,,,,,,,,
ms543,543,5,88,19,YYYYYXyyyyx,YYYYXYxx,1813,81,,,True,1813,81,,True,551,77,,104,38,104,102,38,28,10,10,0,38,s40_gen,13,0.03706422899995232,True,H,65,19,0,42,35,4,3,0,39,False,3,2,19,0.036856164000028,True,39,True,65,42,39,0.007874113000070793,True,65,42,39,0.0343105290000949,False,1000,,,2.033938046000003,True,71,38,38,0.037555378999968525,True,102,48,37,0.018214557999954195,True,67,42,38,0.013138826999920639,True,78,38,38,0.0068861009999636735,False,1000,,,0.8535015519998979,True,62,43,39,0.014823212000010244,True,102,48,37,0.042073694999999134,True,63,42,38,0.014233750999892436,False,1000,,,0.1832748649999303,,,,,,,,,,
ms565,565,5,87,20,YYYYYYXyyyyyx,YYxyXYx,1404,145,,,True,1404,145,,True,2390,178,,67,66,67,0,66,64,2,2,0,66,rewrite,35,0.004517338999903586,True,C,86,0,,66,64,2,0,0,66,False,2,2,33,0.003018696000026466,True,66,True,86,66,66,0.0028923679999479646,True,86,66,66,0.002832580000131202,True,86,66,66,0.0030927640000300016,True,86,66,66,0.002879832999951759,True,86,66,66,0.0030029819999981555,True,86,66,66,0.003401799000130268,True,86,66,66,0.0031651429999328684,True,86,66,66,0.0032954860000700137,True,86,66,66,0.0030015439999715454,True,86,66,66,0.002941051000107109,True,86,69,66,0.005420129999947676,True,86,66,66,0.004238259999965521,,,,,,,,,,
ms602,602,6,103,22,YYYYYYYXyyyyyyx,YYYxYXX,6285,56,,,True,6285,56,,True,452,46,,41,25,41,39,25,18,7,7,0,25,s40_gen,15,0.013136679999888656,True,H,43,15,0,33,22,5,6,0,27,False,3,2,15,0.010328386999844952,True,27,True,43,33,27,0.006134610999879442,True,43,33,27,0.009156840000059674,True,685,65,,0.3314957630000208,True,52,28,28,0.01126225500001965,True,49,40,29,0.010023646000036024,True,46,35,28,0.009550604999958523,True,59,30,30,0.004353092999963337,False,1000,,,0.9977145320001455,True,50,30,26,0.014948447000051601,True,49,40,29,0.015208001000019067,True,42,35,28,0.010558966999951735,False,1000,,,0.2448077540000213,,,,,,,,,,
ms632,632,6,111,25,YYYYYYYYXyyyyyyyx,YYYYXXYx,6425,56,,,True,6425,56,,True,456,49,,83,34,83,81,34,26,8,8,0,34,s40_gen,17,0.03566934999980731,True,H,47,15,0,34,25,4,5,0,29,False,3,2,17,0.011142827999947258,True,29,True,47,34,29,0.006698421999999482,True,47,34,29,0.009854721000010613,True,955,65,,1.209530038999901,True,46,28,28,0.010797613000022466,True,49,39,27,0.010696608999978707,True,48,35,28,0.00933621000012863,True,47,28,28,0.0033338840000851633,False,1000,,,1.145213960000092,True,51,38,30,0.01613923100012471,True,49,39,27,0.016331148000062967,True,44,35,28,0.010629676999997173,False,1000,,,0.22211361200015745,,,,,,,,,,
ms573,573,6,98,21,YYYYYYXyyyyyx,YYYYXYxx,13393,63,,,False,10000,,,True,1729,54,,144,38,144,142,38,22,16,16,0,38,s40_gen,13,0.056631809000009525,True,H,59,39,0,34,15,9,10,0,24,False,3,2,13,0.018263397000055193,True,24,True,59,34,24,0.012936661000139793,True,59,34,24,0.016066840999883425,False,1000,,,2.036625031999847,True,60,25,25,0.01718471699996371,True,60,35,23,0.013141262999852188,True,62,36,24,0.021284385999933875,True,65,27,27,0.0408461399999851,False,1000,,,1.1152530800000022,True,44,37,25,0.01617542600001798,True,60,35,23,0.024730698999974265,True,58,36,24,0.025029846000052203,False,1000,,,0.23100700400004825,,,,,,,,,,
ms586,586,6,99,21,YYYYYYXyyyyyx,YYYYxYXX,9162,153,,,True,9162,153,,True,1572,166,,382,71,382,380,71,53,18,18,0,71,s40_gen,17,0.2158786479999435,True,H,100,26,0,72,63,6,3,0,69,False,3,2,32,0.0177327400001559,True,69,True,100,72,69,0.03681458799997017,True,100,72,69,0.015809807999858094,False,1000,,,1.884060404000138,True,101,70,70,0.016914181999936773,True,830,101,79,0.2743775049998476,True,102,74,70,0.019340962000114814,True,104,72,72,0.009923585000024104,False,1000,,,1.1327669879999576,True,103,76,72,0.0259915709998495,True,830,101,79,0.5319910690000142,True,98,74,70,0.021728816999939227,False,1000,,,0.2526223160000427,,,,,,,,,,
ms581,581,6,99,21,YYYYYYXyyyyyx,YYYYxxYX,9567,153,,,True,9567,153,,True,1584,162,,404,71,404,402,71,49,22,22,0,71,s40_gen,17,0.1824680779998289,True,H,100,26,0,72,63,6,3,0,69,False,3,2,32,0.017923965000136377,True,69,True,100,72,69,0.011686293999900954,True,100,72,69,0.01572409499999594,False,1000,,,1.943190000999948,True,101,70,70,0.016166696000027514,True,830,101,79,0.2427116889998615,True,102,74,70,0.018910063000021182,True,104,72,72,0.009223510000083479,False,1000,,,1.039347024000108,True,103,76,72,0.0260667380000541,True,830,101,79,0.4739738519999719,True,98,74,70,0.022080833000018174,False,1000,,,0.26059788599991407,,,,,,,,,,
ms575,575,6,87,21,YYYYYYXyyyyyx,YYYxyXYx,14383,156,,,False,10000,,,True,3195,181,,68,67,68,0,67,64,3,3,0,67,rewrite,35,0.004606465000051685,True,C,91,0,,67,64,3,0,0,67,False,2,2,33,0.003185997000173302,True,67,True,91,67,67,0.0026773350000439677,True,91,67,67,0.002861925999923187,True,91,67,67,0.003061365000121441,True,91,67,67,0.0030139430000417633,True,91,67,67,0.003139366999903359,True,91,67,67,0.002764021999837496,True,91,67,67,0.003960060000054,True,91,67,67,0.0030479300000934018,True,91,67,67,0.0031687140001395164,True,91,67,67,0.0029417130001547775,True,109,72,69,0.018100830999856043,True,91,67,67,0.002635721000160629,,,,,,,,,,
ms568,568,7,93,20,YYYYYYXyyyyyx,YYXYXyx,15814,48,,,False,10000,,,True,1724,45,,225,35,225,222,35,25,10,10,0,35,s40_gen,13,0.13691455099979066,True,H,50,25,0,31,15,6,10,0,21,False,3,2,13,0.010891697999795724,True,21,True,50,31,21,0.007832315999849015,True,50,31,21,0.009697869000092396,True,592,55,,0.27258642299989333,True,52,21,21,0.0104034529999808,True,51,32,20,0.007017288000042754,True,53,33,21,0.011843353000131174,True,55,21,21,0.005511432000048444,False,1000,,,0.7801794119998249,True,48,32,23,0.014879396999958772,True,51,32,20,0.012171431000069788,True,50,33,21,0.01441893599985633,False,1000,,,0.18544361900012518,,,,,,,,,,
ms578,578,7,93,21,YYYYYYXyyyyyx,YYXYYXyx,15873,50,,,False,10000,,,True,1734,48,,226,34,226,222,34,25,9,9,0,34,s40_gen,13,0.09645847899992077,True,H,55,25,0,32,15,7,10,0,22,False,3,2,13,0.01084633000004942,True,22,True,55,32,22,0.007740477000197643,True,55,32,22,0.009460270000090532,True,597,56,,0.26137905499990666,True,57,22,22,0.010710785000128453,True,56,33,21,0.007178440999950908,True,58,34,22,0.01202872999988358,True,60,22,22,0.006038117999878523,False,1000,,,0.7480842090001261,True,53,33,24,0.015220989999988888,True,56,33,21,0.012285594000104538,True,56,35,22,0.015474819000019124,False,1000,,,0.14259021700013363,,,,,,,,,,
ms583,583,7,93,21,YYYYYYXyyyyyx,YYXyxYYx,16111,52,,,False,10000,,,True,1721,48,,228,33,228,224,33,24,9,9,0,33,s40_gen,13,0.12437730700003158,True,H,55,25,0,32,15,7,10,0,22,False,3,2,13,0.010817608000024848,True,22,True,55,32,22,0.007762733999925331,True,55,32,22,0.009624500999962038,True,597,56,,0.26090840999995635,True,57,22,22,0.010938716999817188,True,56,33,21,0.007281520000105957,True,58,34,22,0.012015574000088236,True,60,22,22,0.005926743999907558,False,1000,,,0.7588425659998848,True,53,33,24,0.014607076000174857,True,56,33,21,0.012752192000107243,True,56,35,22,0.015668562999962887,False,1000,,,0.17685734100018635,,,,,,,,,,
ms628,628,7,110,25,YYYYYYYYXyyyyyyyx,YYXyXyyx,26774,81,,,False,10000,,,True,7092,117,,151,34,151,148,34,27,7,7,0,34,s40_gen,17,0.12884524600008262,True,H,51,1,0,36,34,1,1,0,35,False,2,2,22,0.00418572800003858,True,35,True,51,36,35,0.0030762720000439003,True,51,36,35,0.0032006179999370943,True,51,36,35,0.0032562819999384374,True,51,35,35,0.003820049999831099,True,642,41,33,1.7027984559999823,True,87,39,35,0.031248776999973416,True,96,35,35,0.014579197999864846,True,83,39,35,0.02996912899993731,True,498,82,75,0.6373166750001928,True,428,41,33,0.37890519899997344,True,84,40,35,0.036998691000007966,True,92,35,35,0.007132818000172847,,,,,,,,,,
ms633,633,7,110,25,YYYYYYYYXyyyyyyyx,YYXyyxyx,26838,83,,,False,10000,,,True,7081,111,,151,34,151,148,34,27,7,7,0,34,s40_gen,17,0.07874770499984152,True,H,51,1,0,36,34,1,1,0,35,False,2,2,22,0.003737790000059249,True,35,True,51,36,35,0.00306025400004728,True,51,36,35,0.003255185999933019,True,51,36,35,0.0030922390001251188,True,51,35,35,0.003652009999996153,True,642,41,33,1.5670202090000203,True,87,39,35,0.029887991000123293,True,98,35,35,0.014612054999815882,True,83,39,35,0.03767510800003038,True,498,82,75,0.6165907189999871,True,428,41,33,0.38824650300011854,True,84,40,35,0.03660211600004004,True,94,35,35,0.007502119999799106,,,,,,,,,,
ms596,596,7,97,22,YYYYYYYXyyyyyyx,YYxyXYx,16168,337,,,False,10000,,,True,9079,380,,131,130,131,0,130,128,2,2,0,130,rewrite,67,0.010998957999845516,True,C,150,0,,130,128,2,0,0,130,False,2,2,65,0.007224362999977529,True,130,True,150,130,130,0.0060007480001331714,True,150,130,130,0.006198000000040338,True,150,130,130,0.005582430000004024,True,150,130,130,0.00699450899992371,True,150,130,130,0.008151800999939951,True,150,130,130,0.005818829999952868,True,150,130,130,0.009397124000088297,True,150,130,130,0.009287686999869038,True,150,130,130,0.0077750619998369075,True,150,130,130,0.0071095340001647855,True,150,133,130,0.011486844000046403,True,150,130,130,0.005509163999931843,,,,,,,,,,
ms605,605,8,97,23,YYYYYYYXyyyyyyx,YYYXyxYX,60593,307,,,False,10000,,,True,5447,340,,132,131,132,0,131,128,3,3,0,131,rewrite,67,0.011745194000013726,True,C,155,0,,131,128,3,0,0,131,False,2,2,65,0.007378147000054014,True,131,True,155,131,131,0.0061592360000304325,True,155,131,131,0.006488315999831684,True,155,131,131,0.005673557999898549,True,155,131,131,0.007257436999907441,True,155,131,131,0.006438759000047867,True,155,131,131,0.006268002000069828,True,155,131,131,0.008356967999816334,True,155,131,131,0.007629745000031107,True,155,131,131,0.00800649899997552,True,155,131,131,0.007344981999949596,True,167,134,131,0.023283036000066204,True,155,131,131,0.005565268000054857,,,,,,,,,,
ms610,610,8,97,23,YYYYYYYXyyyyyyx,YYYxYXyx,61366,309,,,False,10000,,,True,5436,338,,133,132,133,0,132,128,4,3,1,131,rewrite,67,0.011107350999964183,True,C,155,0,,131,128,3,0,0,131,False,2,2,65,0.0071061480000480515,True,131,True,155,131,131,0.006753766999963773,True,155,131,131,0.00642665999998826,True,155,131,131,0.0058744640000440995,True,155,131,131,0.007284251000100994,True,155,131,131,0.006570273000079396,True,155,131,131,0.0059484779999365855,True,155,131,131,0.008744845999899553,True,155,131,131,0.006923515000153202,True,155,131,131,0.008613471999979083,True,155,131,131,0.00725351000005503,True,167,134,131,0.021466756000108944,True,155,131,131,0.005613028999960079,,,,,,,,,,
ms625,625,8,106,24,YYYYYYYYXyyyyyyyx,YYXYxyX,78770,665,,,False,10000,,,False,10000,,,260,259,260,0,259,256,3,2,1,258,rewrite,131,0.03472631399995407,True,C,278,0,,258,256,2,0,0,258,False,2,2,129,0.020210937999991074,True,258,True,278,258,258,0.018274147000056473,True,278,258,258,0.017780270999992354,True,278,258,258,0.01589592499999526,True,278,258,258,0.01971300400009568,True,278,258,258,0.018181767999976728,True,278,258,258,0.016344927000091047,True,278,258,258,0.024497418999999354,True,278,258,258,0.019587124000054246,True,278,258,258,0.022066179999910673,True,278,258,258,0.021620653999889328,True,278,261,258,0.023032415999978184,True,278,258,258,0.015459506999832229,,,,,,,,,,
ms622,622,8,106,24,YYYYYYYYXyyyyyyyx,YYxyXYx,78774,671,,,False,10000,,,False,10000,,,259,258,259,0,258,256,2,2,0,258,rewrite,131,0.035801468000045134,True,C,278,0,,258,256,2,0,0,258,False,2,2,129,0.019819372999791085,True,258,True,278,258,258,0.018012030999898343,True,278,258,258,0.017991114999858837,True,278,258,258,0.01560481400019853,True,278,258,258,0.019631339000170556,True,278,258,258,0.01785743300001741,True,278,258,258,0.016122032000112085,True,278,258,258,0.023220826999931887,True,278,258,258,0.015819259999943824,True,278,258,258,0.020694704999868918,True,278,258,258,0.020169349000070724,True,278,261,258,0.024914460999980292,True,278,258,258,0.015637512000012066,,,,,,,,,,
ms624,624,8,106,24,YYYYYYYYXyyyyyyyx,YYxYXyx,59971,706,,,False,10000,,,False,10000,,,260,259,260,0,259,256,3,2,1,258,rewrite,131,0.03309675800005607,True,C,278,0,,258,256,2,0,0,258,False,2,2,129,0.019695020999961343,True,258,True,278,258,258,0.018474276000006284,True,278,258,258,0.0177444230000674,True,278,258,258,0.015484739999919839,True,278,258,258,0.01999447599996529,True,278,258,258,0.017825998000034815,True,278,258,258,0.016355723000060607,True,278,258,258,0.023773366000114038,True,278,258,258,0.015569842000104472,True,278,258,258,0.02153079599997909,True,278,258,258,0.020152216000042245,True,278,261,258,0.023359809999874415,True,278,258,258,0.015507533000118201,,,,,,,,,,
ms623,623,8,106,24,YYYYYYYYXyyyyyyyx,YYXyxYX,59710,708,,,False,10000,,,False,10000,,,259,258,259,0,258,256,2,2,0,258,rewrite,131,0.03430744499996763,True,C,278,0,,258,256,2,0,0,258,False,2,2,129,0.0196284870000909,True,258,True,278,258,258,0.020249941999963994,True,278,258,258,0.01743839499999922,True,278,258,258,0.01590874199996506,True,278,258,258,0.02005740499998865,True,278,258,258,0.017519193999987692,True,278,258,258,0.01689468599988686,True,278,258,258,0.024140417000126035,True,278,258,258,0.050922917999969286,True,278,258,258,0.020548148999978366,True,278,258,258,0.019613827999819478,True,278,261,258,0.02187482399995133,True,278,258,258,0.015577378999978464,,,,,,,,,,
ms634,634,9,108,23,YYYYYYYXyyyyyyx,YYYXyyxx,574348,80,,,False,10000,,,True,3165,66,,158,34,158,156,34,27,7,7,0,34,s40_gen,15,0.08111527599999135,True,H,57,32,0,37,25,5,7,0,30,False,3,2,15,0.01804752699990786,True,30,True,57,37,30,0.014052076000098168,True,57,37,30,0.015285911999853852,False,1000,,,1.8839855490000446,True,60,29,29,0.018641415999809396,True,57,40,28,0.010626390999959767,True,59,38,30,0.017685821999975815,True,63,30,30,0.008090046000006623,False,1000,,,0.8395797460000267,True,86,43,32,0.054245326000000205,True,57,40,28,0.023552761000019018,True,55,38,30,0.01921621400015283,False,1000,,,0.2517350850000639,,,,,,,,,,
ms635,635,9,108,23,YYYYYYYXyyyyyyx,YYYXXyyx,574959,80,,,False,10000,,,True,3169,66,,161,34,161,159,34,26,8,8,0,34,s40_gen,15,0.12500733799993213,True,H,57,32,0,37,25,5,7,0,30,False,3,2,15,0.016951400999914767,True,30,True,57,37,30,0.013531700999919849,True,57,37,30,0.015057240000032834,False,1000,,,1.7567447909998464,True,60,29,29,0.017235498999980337,True,57,40,28,0.010410816999865347,True,59,38,30,0.016677840000056676,True,63,30,30,0.007916545000171027,False,1000,,,0.8795991560000402,True,86,43,32,0.05657092899991767,True,57,40,28,0.023085723999884067,True,55,38,30,0.019798870999920837,False,1000,,,0.22630680499992195,,,,,,,,,,
ms637,637,9,106,25,YYYYYYYYXyyyyyyyx,YYYXyxYX,271866,667,,,False,10000,,,False,10000,,,260,259,260,0,259,256,3,3,0,259,rewrite,131,0.03918754100004662,True,C,283,0,,259,256,3,0,0,259,False,2,2,129,0.020015249999914886,True,259,True,283,259,259,0.02020779000008588,True,283,259,259,0.018113186000164205,True,283,259,259,0.01688202800005456,True,283,259,259,0.019604840000056356,True,283,259,259,0.017509857000050033,True,283,259,259,0.016494758000135334,True,283,259,259,0.024615931999960594,True,283,259,259,0.019870723999929396,True,283,259,259,0.020577186000082293,True,283,259,259,0.020449718000008943,True,302,262,259,0.040097808999917106,True,283,259,259,0.015797641000062868,,,,,,,,,,
ms639,639,9,106,25,YYYYYYYYXyyyyyyyx,YYYxYXyx,272953,669,,,False,10000,,,False,10000,,,261,260,261,0,260,256,4,3,1,259,rewrite,131,0.04006360600010339,True,C,283,0,,259,256,3,0,0,259,False,2,2,129,0.020060478000004878,True,259,True,283,259,259,0.021283709000044837,True,283,259,259,0.018065768999804277,True,283,259,259,0.01533093399984864,True,283,259,259,0.020184736999908637,True,283,259,259,0.021701646000110486,True,283,259,259,0.016567816999895513,True,283,259,259,0.02182245399990279,True,283,259,259,0.019253791999972236,True,283,259,259,0.0201958980001109,True,283,259,259,0.020262509000076534,True,302,262,259,0.03995696799984216,True,283,259,259,0.01558378000004268,,,,,,,,,,
ms638,638,9,106,25,YYYYYYYYXyyyyyyyx,YYYxyXYx,213878,672,,,False,10000,,,False,10000,,,260,259,260,0,259,256,3,3,0,259,rewrite,131,0.03992197799993846,True,C,283,0,,259,256,3,0,0,259,False,2,2,129,0.020074398000133442,True,259,True,283,259,259,0.01915891999988162,True,283,259,259,0.02120891100003064,True,283,259,259,0.015368800000032934,True,283,259,259,0.019818794000002526,True,283,259,259,0.019756511999958093,True,283,259,259,0.01672087399992961,True,283,259,259,0.0205237949999173,True,283,259,259,0.019738676000088162,True,283,259,259,0.022302456000034,True,283,259,259,0.020283220999999685,True,347,264,261,0.07635221000009551,True,283,259,259,0.01568304200009152,,,,,,,,,,
ms636,636,9,106,25,YYYYYYYYXyyyyyyyx,YYYXYxyX,213882,678,,,False,10000,,,False,10000,,,261,260,261,0,260,256,4,3,1,259,rewrite,131,0.04052589499997339,True,C,283,0,,259,256,3,0,0,259,False,2,2,129,0.02075393699988126,True,259,True,283,259,259,0.020171148999907018,True,283,259,259,0.018897721000030288,True,283,259,259,0.01559072500003822,True,283,259,259,0.019579798999984632,True,283,259,259,0.019875714000136213,True,283,259,259,0.0166401510000469,True,283,259,259,0.020592150000084075,True,283,259,259,0.01963700700002846,True,283,259,259,0.020203240000000733,True,283,259,259,0.02136127900007523,True,347,264,261,0.07220359899997675,True,283,259,259,0.015495012999963365,,,,,,,,,,
